id,category,difficulty,question,option_a,option_b,option_c,option_d,correct_option
sports-players-001,Sports Players,Easy,Who has won the most Ballon d'Or awards in football history?,Lionel Messi,Cristiano Ronaldo,Michel Platini,Johan Cruyff,A
sports-players-002,Sports Players,Easy,Which NBA player is known as 'The King'?,Kevin Durant,Stephen Curry,LeBron James,Giannis Antetokounmpo,C
sports-players-003,Sports Players,Medium,How many Grand Slam singles titles has Serena Williams won?,21,22,23,25,C
sports-players-004,Sports Players,Medium,Who is the all-time leading run-scorer in international cricket?,Ricky Ponting,Sachin Tendulkar,Brian Lara,Virat Kohli,B
sports-players-005,Sports Players,Easy,Which swimmer holds the record for most Olympic gold medals?,Michael Phelps,Mark Spitz,Ryan Lochte,Ian Thorpe,A
sports-players-006,Sports Players,Medium,Who was the first gymnastics athlete to score a perfect 10 at the Olympics?,Simone Biles,Nadia Comăneci,Svetlana Khorkina,Mary Lou Retton,B
sports-players-007,Sports Players,Easy,Which formula 1 driver has the most race victories in history?,Michael Schumacher,Ayrton Senna,Lewis Hamilton,Sebastian Vettel,C
sports-players-008,Sports Players,Easy,What athlete is nicknamed 'The Lightning Bolt'?,Asafa Powell,Usain Bolt,Tyson Gay,Yohan Blake,B
sports-players-009,Sports Players,Easy,Which NHL player is widely known simply as 'The Great One'?,Wayne Gretzky,Mario Lemieux,Sidney Crosby,Alex Ovechkin,A
sports-players-010,Sports Players,Medium,Who was the youngest undisputed heavyweight boxing champion?,Muhammad Ali,Joe Frazier,Mike Tyson,Evander Holyfield,C
sports-players-011,Sports Players,Expert,Which female tennis player completed a Golden Slam in 1988?,Steffi Graf,Martina Navratilova,Chris Evert,Margaret Court,A
sports-players-012,Sports Players,Medium,Who was the first MMA fighter to hold UFC championships in two weight classes simultaneously?,Jon Jones,Anderson Silva,Conor McGregor,Khabib Nurmagomedov,C
sports-players-013,Sports Players,Medium,What was David Warner's highest batting test score?,335 no,330,380,334 no,A
sports-players-014,Sports Players,Easy,Which footballer is famously nicknamed 'CR7'?,Cristiano Ronaldo,Kylian Mbappé,Neymar,Luka Modrić,A
sports-players-015,Sports Players,Easy,Which basketball player is famous for wearing jersey number 23 with the Chicago Bulls?,Magic Johnson,Kobe Bryant,Michael Jordan,Larry Bird,C
sports-players-016,Sports Players,Medium,Which tennis player is nicknamed 'The King of Clay'?,Roger Federer,Rafael Nadal,Novak Djokovic,Andy Murray,B
sports-players-017,Sports Players,Easy,Which golfer has won the most major championships in men's golf?,Tiger Woods,Jack Nicklaus,Arnold Palmer,Phil Mickelson,B
sports-players-018,Sports Players,Easy,Which sprinter won gold in the men's 100m at three consecutive Olympic Games?,Carl Lewis,Usain Bolt,Justin Gatlin,Yohan Blake,B
sports-players-019,Sports Players,Medium,Which Formula One driver won his first World Championship in 2008?,Lewis Hamilton,Sebastian Vettel,Fernando Alonso,Kimi Räikkönen,A
sports-players-020,Sports Players,Easy,Which football legend was known as 'The Black Pearl'?,Pelé,Diego Maradona,Ronaldo,Zinedine Zidane,A
sports-players-021,Sports Players,Medium,Which cricket captain led Australia to victory in the 2015 Cricket World Cup?,Michael Clarke,Ricky Ponting,Pat Cummins,Steve Waugh,A
sports-players-022,Sports Players,Easy,Which boxer was known as 'The Greatest'?,Mike Tyson,Muhammad Ali,Sugar Ray Leonard,Joe Frazier,B
sports-players-023,Sports Players,Medium,Which female gymnast has won the most Olympic medals in gymnastics history?,Nadia Comăneci,Simone Biles,Larisa Latynina,Shannon Miller,C
sports-players-024,Sports Players,Easy,Which NBA player is nicknamed 'Chef Curry'?,Klay Thompson,Stephen Curry,Chris Paul,Damian Lillard,B
sports-players-025,Sports Players,Medium,Which football goalkeeper is nicknamed 'Buffon'?,Iker Casillas,Gianluigi Buffon,Manuel Neuer,Petr Čech,B
sports-players-026,Sports Players,Easy,Which swimmer won eight gold medals at a single Olympic Games?,Ian Thorpe,Caeleb Dressel,Michael Phelps,Mark Spitz,C
sports-players-027,Sports Players,Medium,Which footballer captained Portugal to victory at UEFA Euro 2016?,Cristiano Ronaldo,Pepe,Bruno Fernandes,Luis Figo,A
sports-players-028,Sports Players,Easy,Which golfer is nicknamed 'Tiger'?,Rory McIlroy,Tiger Woods,Dustin Johnson,Jordan Spieth,B
sports-players-029,Sports Players,Medium,Which Australian tennis player won the 2022 Wimbledon men's singles title?,Lleyton Hewitt,Nick Kyrgios,Alex de Minaur,None of the above,D
sports-players-030,Sports Players,Easy,Which NFL quarterback won seven Super Bowl titles?,Peyton Manning,Joe Montana,Tom Brady,Aaron Rodgers,C
sports-players-031,Sports Players,Medium,Which cyclist won the Tour de France five consecutive times between 1991 and 1995?,Miguel Induráin,Chris Froome,Eddy Merckx,Bernard Hinault,A
sports-players-032,Sports Players,Easy,Which female tennis player has won the most Grand Slam singles titles in the Open Era?,Steffi Graf,Serena Williams,Martina Navratilova,Chris Evert,B
sports-players-033,Sports Players,Medium,Which footballer scored the famous 'Hand of God' goal?,Pelé,Diego Maradona,Lionel Messi,Romário,B
sports-players-034,Sports Players,Easy,Which rugby player is widely regarded as one of New Zealand's greatest captains?,Richie McCaw,Dan Carter,Jonah Lomu,Beauden Barrett,A
sports-players-035,Sports Players,Medium,Which NBA legend was nicknamed 'Magic'?,Larry Bird,Kareem Abdul-Jabbar,Magic Johnson,Shaquille O'Neal,C
sports-players-036,Sports Players,Easy,Which footballer is known as 'The Egyptian King'?,Mohamed Salah,Sadio Mané,Riyad Mahrez,Hakim Ziyech,A
sports-players-037,Sports Players,Medium,Which Australian cricketer scored 334 not out against Pakistan in 2019?,David Warner,Steve Smith,Usman Khawaja,Marnus Labuschagne,A
sports-players-038,Sports Players,Easy,Which tennis player has won the most men's Grand Slam singles titles?,Roger Federer,Rafael Nadal,Novak Djokovic,Pete Sampras,C
sports-players-039,Sports Players,Expert,Who is the only footballer to have won three FIFA World Cups as a player?,Pelé,Cafu,Franz Beckenbauer,Diego Maradona,A
sports-players-040,Sports Players,Expert,Which cricketer was the first to score 100 international centuries?,Virat Kohli,Ricky Ponting,Sachin Tendulkar,Kumar Sangakkara,C
sports-players-041,Sports Players,Expert,Which NBA player finished his career as the all-time leader in assists?,Magic Johnson,John Stockton,Jason Kidd,Steve Nash,B
sports-players-042,Sports Players,Expert,Which female tennis player won the Golden Slam in 1988?,Steffi Graf,Martina Navratilova,Monica Seles,Chris Evert,A
sports-players-043,Sports Players,Expert,Who became Formula One's youngest-ever World Champion in 2010?,Lewis Hamilton,Fernando Alonso,Sebastian Vettel,Max Verstappen,C
sports-players-044,Sports Players,Expert,Which boxer retired with a perfect professional record of 50 wins and 0 losses?,Sugar Ray Leonard,Mike Tyson,Floyd Mayweather Jr.,Manny Pacquiao,C
sports-players-045,Sports Players,Expert,Who was the first player to score 10000 runs in One Day Internationals?,Sachin Tendulkar,Ricky Ponting,Sunil Gavaskar,Viv Richards,A
sports-players-046,Sports Players,Expert,Which golfer is the only player to win the Career Grand Slam three times?,Tiger Woods,Jack Nicklaus,Ben Hogan,Gary Player,A
sports-players-047,Sports Players,Expert,Which cyclist won the first five editions of the Tour de France after World War II?,Eddy Merckx,Fausto Coppi,Jacques Anquetil,Bernard Hinault,B
sports-players-048,Sports Players,Expert,Who was the first athlete to run the men's 100 metres in under 9.8 seconds legally?,Tyson Gay,Usain Bolt,Maurice Greene,Asafa Powell,D
sports-players-049,Sports Players,Expert,Which Australian cricketer took 708 Test wickets during his career?,Glenn McGrath,Shane Warne,Dennis Lillee,Nathan Lyon,B
sports-players-050,Sports Players,Expert,Which football goalkeeper won the Yashin Trophy in its inaugural year?,Alisson,Emiliano Martínez,Thibaut Courtois,Alisson Becker,A
sports-players-051,Sports Players,Expert,Who was the first Formula One driver to reach 100 Grand Prix victories?,Michael Schumacher,Lewis Hamilton,Max Verstappen,Sebastian Vettel,B
sports-players-052,Sports Players,Expert,Which swimmer won seven gold medals at the 1972 Munich Olympics?,Ian Thorpe,Mark Spitz,Michael Phelps,Matt Biondi,B
sports-players-053,Sports Players,Expert,Which baseball player is nicknamed 'The Sultan of Swat'?,Babe Ruth,Hank Aaron,Joe DiMaggio,Ted Williams,A
sports-players-054,Sports Players,Expert,Who became the youngest undisputed heavyweight boxing champion in history?,Muhammad Ali,Lennox Lewis,Mike Tyson,Joe Frazier,C
sports-players-055,Sports Players,Expert,Which tennis player has won the most ATP Finals singles titles?,Roger Federer,Novak Djokovic,Rafael Nadal,Pete Sampras,B
sports-players-056,Sports Players,Expert,Which footballer won the Ballon d'Or while playing for AC Milan in 2007?,Kaká,Andriy Shevchenko,Ronaldinho,Paolo Maldini,A
sports-players-057,Sports Players,Expert,Which New Zealand rugby legend scored a record 37 Test tries for the All Blacks before retirement?,Jonah Lomu,Doug Howlett,Richie McCaw,Christian Cullen,B
sports-players-058,Sports Players,Expert,Who became the first woman to win Olympic gold medals in both the 100m and 200m at consecutive Olympic Games?,Shelly-Ann Fraser-Pryce,Florence Griffith Joyner,Elaine Thompson-Herah,Merlene Ottey,C
sports-players-059,Sports Players,Expert,Which cricketer captained Australia to three consecutive Cricket World Cup titles?,Steve Waugh,Michael Clarke,Ricky Ponting,Allan Border,C
sports-players-060,Sports Players,Expert,Which basketball player won six NBA Finals MVP awards?,Michael Jordan,LeBron James,Kareem Abdul-Jabbar,Magic Johnson,A
sports-players-061,Sports Players,Expert,Which football defender captained Italy to victory at the 2006 FIFA World Cup?,Fabio Cannavaro,Paolo Maldini,Alessandro Nesta,Gianluigi Buffon,A
sports-players-062,Sports Players,Expert,Who was the first woman to score a perfect 10 in Olympic gymnastics history?,Mary Lou Retton,Nadia Comăneci,Simone Biles,Olga Korbut,B
sports-players-063,Sports Players,Expert,Which Formula One driver won nine Grands Prix in a row during the 2013 season?,Lewis Hamilton,Ayrton Senna,Sebastian Vettel,Michael Schumacher,C
sports-players-064,Sports Players,Hard,Which footballer scored the winning goal in the 2010 FIFA World Cup Final?,David Villa,Andrés Iniesta,Fernando Torres,Xavi Hernández,B
sports-players-065,Sports Players,Hard,Who was the first cricketer to take 800 Test wickets?,Muttiah Muralitharan,Shane Warne,James Anderson,Anil Kumble,A
sports-players-066,Sports Players,Hard,Which NBA player recorded the first official quadruple-double in the modern era?,Hakeem Olajuwon,David Robinson,Nate Thurmond,Alvin Robertson,C
sports-players-067,Sports Players,Hard,Which tennis player won the first men's Career Golden Slam?,Andre Agassi,Rafael Nadal,Novak Djokovic,Roger Federer,A
sports-players-068,Sports Players,Hard,Which Formula One driver won the 1996 World Championship driving for Williams?,Nigel Mansell,Damon Hill,Jacques Villeneuve,Alain Prost,B
sports-players-069,Sports Players,Hard,Who was the first woman to break the 22-second barrier in the 200 metres?,Florence Griffith Joyner,Marion Jones,Elaine Thompson-Herah,Shelly-Ann Fraser-Pryce,A
sports-players-070,Sports Players,Hard,Which golfer completed the 'Tiger Slam' by winning four consecutive major championships?,Jack Nicklaus,Tiger Woods,Phil Mickelson,Rory McIlroy,B
sports-players-071,Sports Players,Hard,Which boxer defeated Muhammad Ali in the 'Rumble in the Jungle'?,George Foreman,Joe Frazier,Ken Norton,None of the above,D
sports-players-072,Sports Players,Hard,Which football goalkeeper has the most appearances for Italy?,Dino Zoff,Gianluigi Buffon,Walter Zenga,Gianluca Pagliuca,B
sports-players-073,Sports Players,Hard,Which Australian cricketer scored 201 not out in his final Test innings?,Steve Waugh,Ricky Ponting,Michael Hussey,Adam Voges,C
sports-players-074,Sports Players,Hard,Which cyclist won a record five consecutive Tour de France titles before Lance Armstrong's victories were stripped?,Miguel Induráin,Bernard Hinault,Eddy Merckx,Chris Froome,A
sports-players-075,Sports Players,Hard,Which NBA player was nicknamed 'The Admiral'?,Patrick Ewing,David Robinson,Tim Duncan,Karl Malone,B
sports-players-076,Sports Players,Hard,Who was the youngest player to win the men's Wimbledon singles title in the Open Era?,Boris Becker,Björn Borg,Rafael Nadal,Michael Chang,A
sports-players-077,Sports Players,Hard,Which footballer won the FIFA Ballon d'Or in 2018?,Cristiano Ronaldo,Luka Modrić,Antoine Griezmann,Lionel Messi,B
sports-players-078,Sports Players,Hard,Which swimmer won six gold medals at the 2004 Athens Olympics?,Ryan Lochte,Ian Thorpe,Michael Phelps,Pieter van den Hoogenband,C
sports-players-079,Sports Players,Hard,Which rugby player scored the most points in international Test rugby history?,Jonny Wilkinson,Dan Carter,Neil Jenkins,Johnny Sexton,B
sports-players-080,Sports Players,Hard,Who was the first Formula One World Champion from Finland?,Mika Häkkinen,Keke Rosberg,Kimi Räikkönen,Valtteri Bottas,B
sports-players-081,Sports Players,Hard,Which baseball player broke Babe Ruth's career home run record in 1974?,Willie Mays,Hank Aaron,Reggie Jackson,Mickey Mantle,B
sports-players-082,Sports Players,Hard,Which footballer captained France to victory in the 1998 FIFA World Cup?,Didier Deschamps,Zinedine Zidane,Laurent Blanc,Marcel Desailly,A
sports-players-083,Sports Players,Hard,Which tennis player defeated Serena Williams in the 2016 Australian Open Final?,Angelique Kerber,Naomi Osaka,Victoria Azarenka,Caroline Wozniacki,A
sports-players-084,Sports Players,Hard,Which cricketer was the first player to score a triple century in a Day/Night Test?,David Warner,Steve Smith,Azhar Ali,Virender Sehwag,A
sports-players-085,Sports Players,Hard,Which basketball player won three consecutive NBA MVP awards from 1984 to 1986?,Magic Johnson,Larry Bird,Michael Jordan,Moses Malone,B
sports-players-086,Sports Players,Hard,Who was the first footballer to score in three different FIFA World Cup Finals?,Pelé,Zinedine Zidane,Kylian Mbappé,Vavá,A
sports-players-087,Sports Players,Hard,Which golfer became the youngest Masters Tournament champion at age 21?,Jordan Spieth,Rory McIlroy,Tiger Woods,Seve Ballesteros,C
sports-players-088,Sports Players,Hard,Which Formula One driver earned the nickname 'The Flying Finn' during the 1990s?,Kimi Räikkönen,Mika Häkkinen,Keke Rosberg,Heikki Kovalainen,B
sports-players-089,Sports Players,Easy,Which footballer is known as 'La Pulga' (The Flea)?,Lionel Messi,Cristiano Ronaldo,Neymar,Kylian Mbappé,A
sports-players-090,Sports Players,Easy,Which NBA legend was known as 'Air Jordan'?,LeBron James,Kobe Bryant,Michael Jordan,Shaquille O'Neal,C
sports-players-091,Sports Players,Easy,Which Australian swimmer won eight Olympic gold medals during his career?,Grant Hackett,Ian Thorpe,Michael Klim,Michael Phelps,B
sports-players-092,Sports Players,Easy,Which footballer played most of his career wearing the number 7 for Manchester United?,David Beckham,Cristiano Ronaldo,Wayne Rooney,Eric Cantona,B
sports-players-093,Sports Players,Easy,Which tennis player is nicknamed 'The Swiss Maestro'?,Roger Federer,Novak Djokovic,Rafael Nadal,Andy Murray,A
sports-players-094,Sports Players,Easy,Which boxer was known as 'Iron Mike'?,Mike Tyson,Muhammad Ali,Evander Holyfield,Lennox Lewis,A
sports-players-095,Sports Players,Easy,Which golfer has the nickname 'The Golden Bear'?,Tiger Woods,Jack Nicklaus,Arnold Palmer,Phil Mickelson,B
sports-players-096,Sports Players,Easy,Which Australian cricketer is nicknamed 'Punter'?,Steve Waugh,Shane Warne,Ricky Ponting,Adam Gilchrist,C
sports-players-097,Sports Players,Easy,Which athlete won the men's 100m at the 2008 Beijing Olympics?,Justin Gatlin,Usain Bolt,Tyson Gay,Yohan Blake,B
sports-players-098,Sports Players,Easy,Which footballer is famous for the 'Siuuu!' goal celebration?,Erling Haaland,Cristiano Ronaldo,Lionel Messi,Neymar,B
sports-players-099,Sports Players,Easy,Which basketball player spent his entire NBA career with the Los Angeles Lakers and wore number 24?,Magic Johnson,Shaquille O'Neal,Kobe Bryant,Kareem Abdul-Jabbar,C
sports-players-100,Sports Players,Easy,Which female tennis player is married to Alexis Ohanian?,Naomi Osaka,Serena Williams,Coco Gauff,Iga Świątek,B
sports-players-101,Sports Players,Easy,Which cricketer is nicknamed 'The Little Master'?,Virat Kohli,Sunil Gavaskar,Sachin Tendulkar,Rahul Dravid,C
sports-players-102,Sports Players,Easy,Which Formula One driver is known as 'The Iceman'?,Lewis Hamilton,Fernando Alonso,Kimi Räikkönen,Valtteri Bottas,C
sports-players-103,Sports Players,Easy,Which football legend famously wore the number 10 shirt for Argentina?,Pelé,Ronaldinho,Diego Maradona,Zinedine Zidane,C
sports-players-104,Sports Players,Easy,Which tennis player has the nickname 'Djoker'?,Roger Federer,Andy Murray,Novak Djokovic,Rafael Nadal,C
sports-players-105,Sports Players,Easy,Which Australian fast bowler was nicknamed 'Binga'?,Mitchell Starc,Brett Lee,Glenn McGrath,Pat Cummins,B
sports-players-106,Sports Players,Easy,Which swimmer is widely regarded as the most decorated Olympian of all time?,Mark Spitz,Ian Thorpe,Michael Phelps,Ryan Lochte,C
sports-players-107,Sports Players,Easy,Which footballer is nicknamed 'The Egyptian King'?,Mohamed Salah,Riyad Mahrez,Sadio Mané,Achraf Hakimi,A
sports-players-108,Sports Players,Easy,Which NBA player is nicknamed 'Greek Freak'?,Nikola Jokić,Giannis Antetokounmpo,Luka Dončić,Joel Embiid,B
sports-players-109,Sports Players,Easy,Which Australian wicketkeeper was famous for saying 'C'mon!' behind the stumps?,Adam Gilchrist,Brad Haddin,Ian Healy,Alex Carey,A
sports-players-110,Sports Players,Easy,Which footballer is known for playing most of his career at Barcelona alongside Lionel Messi?,Xavi Hernández,Andrés Iniesta,Sergio Busquets,Gerard Piqué,A
sports-players-111,Sports Players,Easy,Which rugby player was nicknamed 'The Bus'?,Richie McCaw,Jonah Lomu,Sonny Bill Williams,Beauden Barrett,B
sports-players-112,Sports Players,Easy,Which Formula One driver won his first World Championship in 2021?,Lewis Hamilton,Max Verstappen,Charles Leclerc,Lando Norris,B
sports-players-113,Sports Players,Easy,Which footballer is Portugal's all-time leading international goalscorer?,Luís Figo,Cristiano Ronaldo,Eusébio,Bruno Fernandes,B
sports-players-114,Sports Players,Medium,Which footballer won the Ballon d'Or in 2022?,Karim Benzema,Lionel Messi,Robert Lewandowski,Kylian Mbappé,A
sports-players-115,Sports Players,Medium,Who was the first Australian to win a Formula One World Championship?,Daniel Ricciardo,Jack Brabham,Mark Webber,Oscar Piastri,B
sports-players-116,Sports Players,Medium,Which NBA player is the all-time leader in career assists?,Magic Johnson,Chris Paul,John Stockton,Jason Kidd,C
sports-players-117,Sports Players,Medium,Who defeated Serena Williams in the 2018 US Open Final?,Simona Halep,Naomi Osaka,Ashleigh Barty,Angelique Kerber,B
sports-players-118,Sports Players,Medium,Which football club did Cristiano Ronaldo join after leaving Real Madrid in 2018?,Manchester United,Juventus,Al-Nassr,Sporting CP,B
sports-players-119,Sports Players,Medium,Which Australian cricketer scored the winning runs in the 2015 Cricket World Cup Final?,Steve Smith,Michael Clarke,James Faulkner,Glenn Maxwell,B
sports-players-120,Sports Players,Medium,Which tennis player has won the most Wimbledon men's singles titles in the Open Era?,Roger Federer,Pete Sampras,Novak Djokovic,Björn Borg,A
sports-players-121,Sports Players,Medium,Which boxer famously defeated Wladimir Klitschko to become heavyweight champion in 2015?,Anthony Joshua,Tyson Fury,Deontay Wilder,Oleksandr Usyk,B
sports-players-122,Sports Players,Medium,Which footballer scored the winning penalty in the 2006 FIFA World Cup Final shootout for Italy?,Fabio Grosso,Andrea Pirlo,Francesco Totti,Alessandro Del Piero,A
sports-players-123,Sports Players,Medium,Which golfer won the 2013 Masters Tournament?,Tiger Woods,Phil Mickelson,Adam Scott,Rory McIlroy,C
sports-players-124,Sports Players,Medium,Who became the youngest player to score 10000 runs in One Day Internationals?,Virat Kohli,Sachin Tendulkar,Ricky Ponting,MS Dhoni,A
sports-players-125,Sports Players,Medium,Which Formula One driver won the 2009 World Championship with Brawn GP?,Jenson Button,Sebastian Vettel,Lewis Hamilton,Felipe Massa,A
sports-players-126,Sports Players,Medium,Which footballer scored the winning goal in the UEFA Euro 2016 Final?,Cristiano Ronaldo,Éder,Nani,Renato Sanches,B
sports-players-127,Sports Players,Medium,Which Australian swimmer won four gold medals at the 2004 Athens Olympics?,Grant Hackett,Michael Klim,Ian Thorpe,Petria Thomas,C
sports-players-128,Sports Players,Medium,Which NBA player is known by the nickname 'The Big Fundamental'?,Tim Duncan,Shaquille O'Neal,Hakeem Olajuwon,Dirk Nowitzki,A
sports-players-129,Sports Players,Medium,Which tennis player won the 2021 US Open women's singles title?,Emma Raducanu,Leylah Fernandez,Ashleigh Barty,Iga Świątek,A
sports-players-130,Sports Players,Medium,Who captained England to victory in the 2019 Cricket World Cup?,Joe Root,Eoin Morgan,Ben Stokes,Jos Buttler,B
sports-players-131,Sports Players,Medium,Which footballer won the FIFA World Cup Golden Boot in 2014?,Thomas Müller,James Rodríguez,Lionel Messi,Neymar Jr.,B
sports-players-132,Sports Players,Medium,Which Formula One driver was nicknamed 'The Professor'?,Niki Lauda,Alain Prost,Jackie Stewart,Nigel Mansell,B
sports-players-133,Sports Players,Medium,Which basketball player won the NBA MVP award in both 2021 and 2022?,Joel Embiid,Giannis Antetokounmpo,Nikola Jokić,Stephen Curry,C
sports-players-134,Sports Players,Medium,Which football goalkeeper won the Golden Glove at the 2022 FIFA World Cup?,Emiliano Martínez,Dominik Livaković,Hugo Lloris,Yassine Bounou,A
sports-players-135,Sports Players,Medium,Which Australian cricketer took a hat-trick in the 2019 Cricket World Cup?,Mitchell Starc,Pat Cummins,Nathan Lyon,Jason Behrendorff,A
sports-players-136,Sports Players,Medium,Which tennis player won the 2022 Australian Open men's singles title?,Rafael Nadal,Daniil Medvedev,Novak Djokovic,Stefanos Tsitsipas,A
sports-players-137,Sports Players,Medium,Which footballer scored the winning goal in the 1999 UEFA Champions League Final for Manchester United?,Ole Gunnar Solskjær,David Beckham,Teddy Sheringham,Ryan Giggs,A
sports-players-138,Sports Players,Medium,Which boxer became undisputed heavyweight champion by defeating Tyson Fury in 2024?,Oleksandr Usyk,Anthony Joshua,Deontay Wilder,Joseph Parker,A
sports-001,Sports,Easy,How long is a standard professional football match?,80 mins,90 mins,100 mins,120 mins,B
sports-002,Sports,Easy,Which sport uses a shuttlecock?,Tennis,Badminton,Squash,Table Tennis,B
sports-003,Sports,Medium,"In golf, what term describes scoring two strokes under par on a hole?",Bogey,Birdie,Eagle,Albatross,C
sports-004,Sports,Easy,How many players are on the field for one team in a cricket match?,9,10,11,12,C
sports-005,Sports,Hard,Which country won the first ever FIFA World Cup in 1930?,Argentina,Brazil,Italy,Uruguay,D
sports-006,Sports,Easy,What is the length of an Olympic swimming pool?,25m,50m,75m,100m,B
sports-007,Sports,Easy,"In baseball, how many strikes equal an out?",2,3,4,5,B
sports-008,Sports,Medium,The modern Olympic games were revived in which city in 1896?,Rome,Paris,Athens,London,C
sports-009,Sports,Easy,Which international cycling race features a 'Yellow Jersey' for its leader?,Giro d'Italia,Vuelta a España,Tour de France,Paris-Roubaix,C
sports-010,Sports,Hard,What is the only sport to have been played on the Moon?,Golf,Tennis,Baseball,Frisbee,A
sports-011,Sports,Medium,How high is a regulation NBA basketball hoop?,9 feet,10 feet,11 feet,12 feet,B
sports-012,Sports,Hard,"In Rugby Union how many points is a basic 'Try' worth before conversion?",4,5,6,7,B
sports-013,Sports,Easy,How many players are on a soccer team on the field at one time?,9,10,11,12,C
sports-014,Sports,Easy,Which sport uses a bat and a ball?,Tennis,Baseball,Golf,Hockey,B
sports-015,Sports,Easy,What shape is a soccer ball?,Cube,Sphere,Cylinder,Cone,B
sports-016,Sports,Easy,In basketball how many points is a free throw worth?,1,2,3,4,A
sports-017,Sports,Easy,Which country hosted the 2000 Summer Olympics?,Australia,United States,China,Brazil,A
sports-018,Sports,Easy,Which sport is played at Wimbledon?,Cricket,Golf,Tennis,Rugby,C
sports-019,Sports,Easy,How many rings are on the Olympic logo?,4,5,6,7,B
sports-020,Sports,Easy,Which sport is known as the Beautiful Game?,Basketball,Soccer,Baseball,Rugby,B
sports-021,Sports,Easy,What color card usually sends a player off in soccer?,Blue,Green,Yellow,Red,D
sports-022,Sports,Easy,What do golfers try to hit into the hole?,Puck,Ball,Stone,Disc,B
sports-023,Sports,Easy,Which sport uses a shuttlecock?,Tennis,Badminton,Squash,Volleyball,B
sports-024,Sports,Easy,How many points is a touchdown worth in American football?,3,5,6,7,C
sports-025,Sports,Easy,Which sport uses a puck?,Field Hockey,Ice Hockey,Lacrosse,Rugby,B
sports-026,Sports,Easy,In which sport do players dribble a ball with their hands?,Soccer,Basketball,Volleyball,Cricket,B
sports-027,Sports,Easy,Which sport features the Tour de France?,Running,Cycling,Swimming,Skiing,B
sports-028,Sports,Easy,Which sport is played on ice with skates and sticks?,Curling,Ice Hockey,Figure Skating,Speed Skating,B
sports-029,Sports,Easy,How many holes are played in a standard round of golf?,9,12,18,24,C
sports-030,Sports,Easy,Which sport features the Super Bowl?,Baseball,Basketball,American Football,Soccer,C
sports-031,Sports,Easy,Which sport is played with a net a racket and a tennis ball?,Badminton,Squash,Tennis,Table Tennis,C
sports-032,Sports,Easy,Which country is famous for the martial art judo?,China,Japan,Thailand,South Korea,B
sports-033,Sports,Easy,How many players are on a volleyball team on the court?,5,6,7,8,B
sports-034,Sports,Easy,Which sport uses clubs and a small white ball?,Baseball,Golf,Cricket,Hockey,B
sports-035,Sports,Easy,What is the highest score possible with one dart?,50,60,100,180,B
sports-036,Sports,Easy,Which sport is Usain Bolt famous for?,Swimming,Athletics,Cycling,Boxing,B
sports-037,Sports,Easy,Which sport is played at the FIFA World Cup?,Rugby,Cricket,Soccer,Basketball,C
sports-038,Sports,Medium,How many players are on the field for one rugby union team?,13,15,11,14,B
sports-039,Sports,Medium,Which country has won the most FIFA Men's World Cup titles?,Germany,Argentina,Italy,Brazil,D
sports-040,Sports,Medium,How many sets must a player win in a men's Grand Slam tennis final?,2,3,4,5,B
sports-041,Sports,Medium,In basketball how many points is a shot made from beyond the three-point line worth?,2,3,4,5,B
sports-042,Sports,Medium,Which country invented the sport of golf?,England,Scotland,Ireland,Wales,B
sports-043,Sports,Medium,What is the maximum score possible in ten-pin bowling?,200,250,300,400,C
sports-044,Sports,Medium,Which country hosts the Tour de France?,Italy,Spain,Belgium,France,D
sports-045,Sports,Medium,In baseball how many strikes make an out?,2,3,4,5,B
sports-046,Sports,Medium,Which sport is known as the king of sports worldwide?,Cricket,Soccer,Tennis,Basketball,B
sports-047,Sports,Medium,How many players are on the court for one basketball team at a time?,4,5,6,7,B
sports-048,Sports,Medium,Which swimming stroke is generally considered the fastest?,Backstroke,Breaststroke,Butterfly,Freestyle,D
sports-049,Sports,Medium,Which country hosted the 2016 Summer Olympics?,China,Greece,Brazil,Japan,C
sports-050,Sports,Medium,What color jersey is worn by the leader of the Tour de France?,Green,Yellow,White,Red,B
sports-051,Sports,Medium,How many periods are played in a standard ice hockey game?,2,3,4,5,B
sports-052,Sports,Medium,Which sport awards a birdie for scoring one under par?,Cricket,Tennis,Golf,Baseball,C
sports-053,Sports,Medium,Which country won the 2023 ICC Cricket World Cup?,India,Australia,England,New Zealand,B
sports-054,Sports,Medium,What is the standard distance of a marathon?,40.2 km,41.5 km,42.195 km,43 km,C
sports-055,Sports,Medium,In volleyball how many touches is a team allowed before returning the ball?,2,3,4,5,B
sports-056,Sports,Medium,Which country hosted the 2022 FIFA World Cup?,Russia,Qatar,United States,Brazil,B
sports-057,Sports,Medium,What is the highest break possible in snooker?,147,155,180,200,A
sports-058,Sports,Medium,How many players are on a standard baseball team on the field?,8,9,10,11,B
sports-059,Sports,Medium,Which Grand Slam tennis tournament is played on clay courts?,Wimbledon,US Open,Australian Open,French Open,D
sports-060,Sports,Medium,How many Olympic rings are blue yellow black green and red together?,4,5,6,7,B
sports-061,Sports,Medium,Which sport uses the terms scrum lineout and try?,Soccer,Rugby,Hockey,Baseball,B
sports-062,Sports,Medium,Who is known as the fastest man alive after winning multiple Olympic sprint titles?,Michael Phelps,Usain Bolt,Carl Lewis,Noah Lyles,B
sports-063,Sports,Hard,Which country won the first FIFA Men's World Cup in 1930?,Argentina,Brazil,Uruguay,Italy,C
sports-064,Sports,Hard,How many dimples does a modern golf ball typically have?,212,336,392,500,B
sports-065,Sports,Hard,In which year were women first allowed to compete in the modern Olympic Games?,1896,1900,1904,1908,B
sports-066,Sports,Hard,Which tennis player has won the most men's Grand Slam singles titles?,Roger Federer,Rafael Nadal,Novak Djokovic,Pete Sampras,C
sports-067,Sports,Hard,What is the only country to have played in every FIFA Men's World Cup?,Germany,Italy,Brazil,Argentina,C
sports-068,Sports,Hard,Which Formula One driver won the 2021 World Drivers' Championship?,Lewis Hamilton,Max Verstappen,Sebastian Vettel,Fernando Alonso,B
sports-069,Sports,Hard,How many players make up a water polo team in the pool at one time?,6,7,8,9,B
sports-070,Sports,Hard,Who was the first athlete to run the men's 100 metres in under 9.8 seconds?,Tyson Gay,Usain Bolt,Maurice Greene,Asafa Powell,D
sports-071,Sports,Hard,Which country has won the most Rugby World Cup titles?,England,South Africa,New Zealand,Australia,B
sports-072,Sports,Hard,Which golfer is nicknamed The Golden Bear?,Jack Nicklaus,Arnold Palmer,Tiger Woods,Gary Player,A
sports-073,Sports,Hard,In snooker how many points is the black ball worth?,5,6,7,8,C
sports-074,Sports,Hard,Which nation won the inaugural ICC Cricket World Cup in 1975?,Australia,England,West Indies,India,C
sports-075,Sports,Hard,How many events are contested in a men's decathlon?,8,9,10,12,C
sports-076,Sports,Hard,Which Olympic sport combines cross-country skiing and rifle shooting?,Nordic Combined,Biathlon,Ski Jumping,Curling,B
sports-077,Sports,Hard,Who was the first Formula One World Champion?,Juan Manuel Fangio,Giuseppe Farina,Jim Clark,Jack Brabham,B
sports-078,Sports,Hard,Which country hosted the first Commonwealth Games in 1930?,England,Australia,Canada,New Zealand,C
sports-079,Sports,Hard,Which boxer was known as The Greatest?,Mike Tyson,Muhammad Ali,Sugar Ray Leonard,Joe Frazier,B
sports-080,Sports,Hard,In baseball how many innings are played in a standard game?,7,8,9,10,C
sports-081,Sports,Hard,Which country has won the most Olympic gold medals in men's basketball?,Spain,Soviet Union,United States,Yugoslavia,C
sports-082,Sports,Hard,Which football club has won the most UEFA Champions League titles?,Barcelona,Bayern Munich,Liverpool,Real Madrid,D
sports-083,Sports,Hard,Which nation won the FIFA Women's World Cup in 2023?,England,Spain,Sweden,Australia,B
sports-084,Sports,Hard,What is the maximum possible break in snooker under standard rules?,147,155,167,180,A
sports-085,Sports,Hard,Who holds the men's world record for the marathon as of 2025?,Eliud Kipchoge,Kelvin Kiptum,Kenenisa Bekele,Tamirat Tola,B
sports-086,Sports,Hard,Which country has won the most Davis Cup titles?,Australia,France,United States,Spain,C
sports-087,Sports,Hard,In cycling what color jersey is awarded to the King of the Mountains leader in the Tour de France?,Green,White,Yellow,Polka Dot,D
sports-088,Sports,Expert,Which golfer won the 1986 Masters Tournament at the age of 46?,Tom Watson,Jack Nicklaus,Greg Norman,Seve Ballesteros,B
sports-089,Sports,Expert,Who scored the Hand of God goal at the 1986 FIFA World Cup?,Pele,Diego Maradona,Johan Cruyff,Zinedine Zidane,B
sports-090,Sports,Expert,Which nation won the very first Rugby World Cup in 1987?,Australia,England,New Zealand,France,C
sports-091,Sports,Expert,How many races made up the inaugural Formula One World Championship in 1950?,5,6,7,8,C
sports-092,Sports,Expert,Which country won the first ICC Champions Trophy in 1998?,South Africa,Australia,India,Pakistan,A
sports-093,Sports,Expert,Who was the first tennis player to win a Career Golden Slam in singles?,Steffi Graf,Andre Agassi,Rafael Nadal,Novak Djokovic,A
sports-094,Sports,Expert,Which horse won the 2018 Triple Crown in the United States?,American Pharoah,Justify,Secretariat,Affirmed,B
sports-095,Sports,Expert,Which athlete won four consecutive Olympic gold medals in the men's long jump?,Jesse Owens,Carl Lewis,Bob Beamon,Mike Powell,B
sports-096,Sports,Expert,Which country won the first FIFA Women's World Cup in 1991?,Germany,Norway,United States,Sweden,C
sports-097,Sports,Expert,In which year did the first modern Olympic Games take place?,1892,1896,1900,1904,B
sports-098,Sports,Expert,Which cricketer scored the first ever double century in a men's One Day International?,Sachin Tendulkar,Rohit Sharma,Virender Sehwag,Ricky Ponting,A
sports-099,Sports,Expert,Which football club became the first to win the UEFA Champions League five consecutive times?,Liverpool,Real Madrid,Ajax,AC Milan,B
sports-100,Sports,Expert,Which country has appeared in every Rugby World Cup tournament?,England,Australia,New Zealand,South Africa,C
sports-101,Sports,Expert,Which Formula One circuit hosts the Monaco Grand Prix?,Monza,Silverstone,Circuit de Monaco,Spa-Francorchamps,C
sports-102,Sports,Expert,Who was the youngest men's Wimbledon singles champion in the Open Era?,Boris Becker,Bjorn Borg,Carlos Alcaraz,Rafael Nadal,A
sports-103,Sports,Expert,Which nation won the first FIFA Confederations Cup in 1992?,Argentina,Saudi Arabia,Denmark,Brazil,A
sports-104,Sports,Expert,What is the maximum number of clubs a golfer may carry during a round under the Rules of Golf?,12,13,14,15,C
sports-105,Sports,Expert,Which country won the first Cricket World Cup played in England in 1975?,Australia,England,West Indies,India,C
sports-106,Sports,Expert,Who became the first athlete to win Olympic gold medals in both the 100m and 200m at three consecutive Olympics?,Carl Lewis,Usain Bolt,Michael Johnson,Noah Lyles,B
sports-107,Sports,Expert,Which nation has won the most Olympic gold medals in men's field hockey?,Australia,Pakistan,India,Netherlands,C
sports-108,Sports,Expert,Which boxer retired with a professional record of 50 wins and 0 losses?,Muhammad Ali,Floyd Mayweather Jr.,Rocky Marciano,Mike Tyson,B
sports-109,Sports,Expert,Which country hosted the first FIFA Men's World Cup?,Brazil,Italy,Uruguay,France,C
sports-110,Sports,Expert,Who holds the men's pole vault world record as of 2025?,Armand Duplantis,Renaud Lavillenie,Sam Kendricks,Thiago Braz,A
sports-111,Sports,Expert,Which nation won the first Davis Cup in 1900?,Great Britain,United States,France,Australia,B
sports-112,Sports,Expert,Which football club is nicknamed The Old Lady?,AC Milan,Inter Milan,Juventus,Roma,C
food-001,Food,Easy,What is the main aromatic herb used to make classic pesto sauce?,Parsley,Basil,Oregano,Mint,B
food-002,Food,Medium,Which country is the global origin place of French Fries?,France,Belgium,USA,Germany,B
food-003,Food,Easy,What primary leavening agent causes bread dough to rise?,Baking Soda,Baking Powder,Yeast,Cream of Tartar,C
food-004,Food,Medium,Which spice is the most expensive in the world by weight?,Saffron,Vanilla Beans,Cardamom,Cinnamon,A
food-005,Food,Hard,From what animal milk is authentic Roquefort cheese produced?,Cow,Goat,Sheep,Buffalo,C
food-006,Food,Medium,What fruit ingredient is utilized to flavor the traditional liqueur Cointreau?,Orange,Lemon,Cherry,Apple,A
food-007,Food,Easy,What is the national dish of Spain known for its saffron rice base?,Risotto,Paella,Couscous,Jambalaya,B
food-008,Food,Easy,Which food item is traditionally wrapped around Japanese Sushi rolls?,Nori,Kombu,Wakame,Rice Paper,A
food-009,Food,Expert,What gives the distinct green paste 'Wasabi' its intense sharp heat style?,Capsaicin,Allyl Isothiocyanate,Piperine,Oxalic Acid,B
food-010,Food,Medium,Which nut is the foundational core base item of Marzipan paste?,Walnut,Hazelnut,Pistachio,Almond,D
food-011,Food,Hard,What technical baking term describes cutting fat into flour until tiny crumbs form?,Kneading,Rubbing-in,Creaming,Folding,B
food-012,Food,Easy,Scoville units are a scale metric measurement used to quantify what attribute?,Sugar Sweetness,Sour Acidity,Chili Heat Pungency,Salt Salinity,C
food-013,Food,Easy,Which fruit is known for keeping the doctor away if eaten daily?,Banana,Apple,Orange,Grape,B
food-014,Food,Easy,What is the main ingredient in mashed potatoes?,Rice,Potatoes,Carrots,Pumpkin,B
food-015,Food,Easy,Which dairy product is commonly put on pizza?,Butter,Yogurt,Cheese,Cream,C
food-016,Food,Easy,What color are ripe bananas usually?,Red,Blue,Yellow,Purple,C
food-017,Food,Easy,Which food is made by baking dough?,Rice,Bread,Pasta,Cereal,B
food-018,Food,Easy,Which meal is commonly eaten first thing in the morning?,Lunch,Dinner,Breakfast,Supper,C
food-019,Food,Easy,Which fruit is used to make guacamole?,Tomato,Avocado,Lemon,Peach,B
food-020,Food,Easy,What is the main ingredient in French fries?,Sweet Potato,Potato,Carrot,Onion,B
food-021,Food,Easy,Which food comes from chickens?,Milk,Eggs,Cheese,Bread,B
food-022,Food,Easy,Which vegetable is orange?,Broccoli,Carrot,Cucumber,Celery,B
food-023,Food,Easy,What is sushi traditionally wrapped in?,Lettuce,Seaweed,Cabbage,Spinach,B
food-024,Food,Easy,Which fruit is famous for having its seeds on the outside?,Apple,Strawberry,Kiwifruit,Watermelon,B
food-025,Food,Easy,Which ingredient is used to make popcorn?,Rice,Corn,Wheat,Barley,B
food-026,Food,Easy,Which drink is made from roasted coffee beans?,Tea,Coffee,Hot Chocolate,Juice,B
food-027,Food,Easy,Which citrus fruit is commonly yellow?,Orange,Lemon,Lime,Grapefruit,B
food-028,Food,Easy,What is the main ingredient in hummus?,Lentils,Chickpeas,Beans,Peas,B
food-029,Food,Easy,Which spice is commonly sprinkled on cinnamon rolls?,Pepper,Cinnamon,Paprika,Cumin,B
food-030,Food,Easy,Which food is made from milk?,Rice,Cheese,Apple,Bread,B
food-031,Food,Easy,Which fruit is dried to make raisins?,Plums,Grapes,Apricots,Dates,B
food-032,Food,Easy,Which vegetable is commonly used to make chips and fries?,Potato,Carrot,Turnip,Beetroot,A
food-033,Food,Easy,What is the main ingredient in an omelette?,Flour,Eggs,Rice,Cheese,B
food-034,Food,Easy,Which condiment is made mainly from tomatoes?,Mustard,Ketchup,Mayonnaise,Soy Sauce,B
food-035,Food,Easy,Which fruit is tropical and has a spiky outside?,Pear,Pineapple,Peach,Apple,B
food-036,Food,Easy,Which grain is commonly used to make pasta?,Corn,Rice,Wheat,Oats,C
food-037,Food,Easy,Which dessert is traditionally served in a cone?,Cake,Ice Cream,Pudding,Custard,B
food-038,Food,Medium,Which country is widely credited as the birthplace of pizza?,France,Greece,Italy,Spain,C
food-039,Food,Medium,What type of pastry is used to make a croissant?,Puff Pastry,Shortcrust Pastry,Filo Pastry,Choux Pastry,A
food-040,Food,Medium,Which grain is traditionally used to make risotto?,Barley,Rice,Wheat,Oats,B
food-041,Food,Medium,What is the primary ingredient in tofu?,Soybeans,Chickpeas,Lentils,Peas,A
food-042,Food,Medium,Which cheese is traditionally used on a Greek salad?,Cheddar,Feta,Brie,Gouda,B
food-043,Food,Medium,What type of pasta is shaped like small rice grains?,Penne,Fusilli,Orzo,Farfalle,C
food-044,Food,Medium,Which country is famous for the dish paella?,Italy,Mexico,Spain,Portugal,C
food-045,Food,Medium,Which vitamin is especially abundant in citrus fruits?,Vitamin A,Vitamin B12,Vitamin C,Vitamin D,C
food-046,Food,Medium,Which cooking method involves food being submerged in hot oil?,Roasting,Steaming,Deep Frying,Grilling,C
food-047,Food,Medium,What is the main ingredient in traditional miso paste?,Soybeans,Rice,Wheat,Corn,A
food-048,Food,Medium,Which nut is used to make marzipan?,Peanut,Almond,Walnut,Cashew,B
food-049,Food,Medium,Which country is the origin of tacos?,Spain,Mexico,Brazil,Argentina,B
food-050,Food,Medium,Which herb gives pesto its distinctive flavor?,Parsley,Basil,Coriander,Dill,B
food-051,Food,Medium,Which cheese is commonly used in a traditional Caesar salad?,Mozzarella,Parmesan,Feta,Blue Cheese,B
food-052,Food,Medium,What is the Japanese term for raw fish served without rice?,Nigiri,Sashimi,Maki,Tempura,B
food-053,Food,Medium,Which fruit is the main ingredient in guacamole?,Tomato,Avocado,Lime,Cucumber,B
food-054,Food,Medium,Which country is famous for producing Gouda cheese?,Belgium,France,Netherlands,Switzerland,C
food-055,Food,Medium,What is the name of the process of soaking meat in seasoned liquid before cooking?,Basting,Marinating,Braising,Blanching,B
food-056,Food,Medium,Which type of rice is commonly used for sushi?,Jasmine,Basmati,Sushi Rice,Wild Rice,C
food-057,Food,Medium,Which spice gives curry its yellow color?,Paprika,Cumin,Turmeric,Cinnamon,C
food-058,Food,Medium,What is the main ingredient in falafel?,Lentils,Chickpeas,Black Beans,Soybeans,B
food-059,Food,Medium,Which French dessert consists of caramelized custard with a crisp sugar topping?,Crème Brûlée,Éclair,Macaron,Tarte Tatin,A
food-060,Food,Medium,Which seafood is traditionally used in clam chowder?,Shrimp,Clams,Mussels,Oysters,B
food-061,Food,Medium,What type of pastry is used to make profiteroles?,Puff Pastry,Choux Pastry,Filo Pastry,Shortcrust Pastry,B
food-062,Food,Medium,Which Italian cheese is traditionally made from buffalo milk?,Ricotta,Parmesan,Mozzarella,Gorgonzola,C
food-063,Food,Hard,Which French cooking term means everything in its place?,Sous Vide,Mise en Place,Julienne,Confit,B
food-064,Food,Hard,Which country is the world's largest producer of vanilla?,Indonesia,Madagascar,Mexico,India,B
food-065,Food,Hard,What is the main ingredient used to make traditional Japanese miso?,Soybeans,Rice,Wheat,Barley,A
food-066,Food,Hard,Which Italian cheese is traditionally made from sheep's milk?,Mozzarella,Ricotta,Pecorino Romano,Mascarpone,C
food-067,Food,Hard,What is the name of the Spanish cured ham made from Iberian pigs?,Prosciutto,Jamón Ibérico,Bresaola,Coppa,B
food-068,Food,Hard,Which spice is obtained from the dried stigmas of a crocus flower?,Turmeric,Saffron,Cardamom,Cumin,B
food-069,Food,Hard,Which French mother sauce is made from butter flour and milk?,Velouté,Béchamel,Hollandaise,Espagnole,B
food-070,Food,Hard,Which country is credited with inventing tempura?,China,Japan,Portugal,Thailand,C
food-071,Food,Hard,What is the main ingredient in the Middle Eastern dip baba ghanoush?,Chickpeas,Eggplant,Lentils,Beetroot,B
food-072,Food,Hard,Which Italian dessert literally translates to pick me up?,Cannoli,Gelato,Tiramisu,Panna Cotta,C
food-073,Food,Hard,Which country is the origin of kimchi?,Japan,China,South Korea,Vietnam,C
food-074,Food,Hard,Which type of wheat is traditionally used to make couscous?,Durum,Rye,Spelt,Barley,A
food-075,Food,Hard,Which nut is the primary ingredient in traditional pesto alla genovese alongside basil?,Walnut,Pine Nut,Cashew,Pistachio,B
food-076,Food,Hard,Which French dessert is made by folding egg whites into chocolate?,Soufflé,Crème Brûlée,Éclair,Clafoutis,A
food-077,Food,Hard,Which country is famous for the cheese Roquefort?,Italy,France,Spain,Switzerland,B
food-078,Food,Hard,Which vitamin is produced naturally when skin is exposed to sunlight?,Vitamin A,Vitamin C,Vitamin D,Vitamin K,C
food-079,Food,Hard,What is the Japanese seasoning made from fermented soybeans called?,Ponzu,Miso,Wasabi,Dashi,B
food-080,Food,Hard,Which type of pasta's name means little tongues in Italian?,Penne,Linguine,Farfalle,Rigatoni,B
food-081,Food,Hard,Which country is the birthplace of the Black Forest cake?,Austria,Germany,Switzerland,Belgium,B
food-082,Food,Hard,What is the main alcoholic ingredient in a traditional tiramisu?,Rum,Brandy,Marsala Wine,Whisky,C
food-083,Food,Hard,Which seafood is traditionally used in Spanish paella Valenciana?,Salmon,Lobster,Mussels,None of the above,D
food-084,Food,Hard,Which cheese is traditionally used in French onion soup?,Cheddar,Gruyère,Feta,Brie,B
food-085,Food,Hard,What is the primary ingredient in polenta?,Rice,Cornmeal,Oats,Barley,B
food-086,Food,Hard,Which country is the largest producer of cocoa beans?,Brazil,Ghana,Côte d'Ivoire,Ecuador,C
food-087,Food,Hard,What is the culinary term for vegetables cut into very thin matchstick strips?,Brunoise,Julienne,Chiffonade,Macedoine,B
food-088,Food,Expert,Which French chef is credited with codifying haute cuisine in the early 20th century?,Auguste Escoffier,Paul Bocuse,Joël Robuchon,Alain Ducasse,A
food-089,Food,Expert,Which Japanese knife is traditionally designed for slicing sashimi in a single stroke?,Santoku,Nakiri,Yanagiba,Deba,C
food-090,Food,Expert,Which cheese is traditionally used in authentic Italian cacio e pepe?,Parmesan,Pecorino Romano,Gorgonzola,Asiago,B
food-091,Food,Expert,What is the primary grain used to make traditional risotto?,Basmati Rice,Jasmine Rice,Arborio Rice,Sushi Rice,C
food-092,Food,Expert,Which country is considered the birthplace of tempura despite its Japanese popularity?,China,Portugal,Korea,Thailand,B
food-093,Food,Expert,What gives saffron its distinctive golden-yellow color?,Crocin,Curcumin,Capsaicin,Anthocyanin,A
food-094,Food,Expert,Which region of Italy is famous for producing Parmigiano Reggiano?,Sicily,Tuscany,Emilia-Romagna,Lazio,C
food-095,Food,Expert,Which microorganism is primarily responsible for alcoholic fermentation in bread and beer?,Lactobacillus,Yeast,Mold,Acetobacter,B
food-096,Food,Expert,What is the Japanese term for the fifth basic taste?,Kokumi,Umami,Shibui,Katsu,B
food-097,Food,Expert,Which chocolate-producing country is the world's largest cocoa bean producer?,Brazil,Ghana,Ivory Coast,Ecuador,C
food-098,Food,Expert,What is the minimum cocoa solids percentage required for dark chocolate in many international standards?,20%,35%,50%,70%,B
food-099,Food,Expert,Which French cooking term means to cook food in its own juices under a tightly sealed lid?,Confit,En Papillote,À la Minute,Braiser,B
food-100,Food,Expert,Which spice is derived from the dried stigmas of the Crocus sativus flower?,Turmeric,Saffron,Paprika,Cumin,B
food-101,Food,Expert,Which Italian dessert literally translates to 'pick me up'?,Cannoli,Gelato,Tiramisu,Panna Cotta,C
food-102,Food,Expert,Which acid is primarily responsible for the sour taste in vinegar?,Citric Acid,Lactic Acid,Acetic Acid,Malic Acid,C
food-103,Food,Expert,Which nut is traditionally used to make marzipan?,Hazelnut,Walnut,Almond,Pistachio,C
food-104,Food,Expert,Which country originated the dessert known as pavlova according to most New Zealand claims?,Australia,New Zealand,United Kingdom,France,B
food-105,Food,Expert,What is the French culinary term for vegetables cut into very thin matchsticks?,Julienne,Brunoise,Chiffonade,Paysanne,A
food-106,Food,Expert,Which flour has the highest protein content and is most suitable for bread making?,Cake Flour,Plain Flour,Bread Flour,Self-Raising Flour,C
food-107,Food,Expert,Which cheese is traditionally made using the mold Penicillium roqueforti?,Brie,Cheddar,Roquefort,Mozzarella,C
food-108,Food,Expert,What is the main ingredient in traditional Japanese miso paste besides salt?,Rice,Wheat,Soybeans,Seaweed,C
food-109,Food,Expert,Which cooking technique involves immersing food in fat at a low temperature for an extended period?,Poaching,Confit,Blanching,Searing,B
food-110,Food,Expert,Which country is internationally renowned as the origin of kimchi?,China,Japan,South Korea,Vietnam,C
food-111,Food,Expert,Which wine-producing region is famous for sparkling wine made using the traditional method and protected by designation?,Napa Valley,Tuscany,Champagne,Rioja,C
food-112,Food,Expert,What is the traditional Japanese seasoning made from fermented soybeans wheat salt and koji?,Mirin,Sake,Soy Sauce,Rice Vinegar,C
countries-001,Countries,Easy,Which nation occupies the largest landmass territory on planet Earth?,Canada,China,USA,Russia,D
countries-002,Countries,Easy,What is the official capital city of Australia?,Sydney,Melbourne,Canberra,Brisbane,C
countries-003,Countries,Medium,Which country has the highest population count in Africa?,Egypt,Nigeria,South Africa,Ethiopia,B
countries-004,Countries,Hard,What landlocked country is located entirely inside the borders of South Africa?,Lesotho,Eswatini,Botswana,Namibia,A
countries-005,Countries,Easy,Which European nation is geographically defined by its layout shaped like a boot?,Greece,Spain,Italy,Portugal,C
countries-006,Countries,Medium,Which South American nation boasts the longest longitudinal coastline length?,Brazil,Peru,Argentina,Chile,D
countries-007,Countries,Easy,What country is nicknamed the 'Land of the Rising Sun'?,China,Japan,South Korea,Thailand,B
countries-008,Countries,Expert,How many individual islands make up the nation of Indonesia?,"Approx 3,000","Approx 7,000","Approx 17,500","Approx 25,000",C
countries-009,Countries,Medium,Ulaanbaatar is the official capital city of which country?,Mongolia,Kazakhstan,Uzbekistan,Nepal,A
countries-010,Countries,Easy,Which country shares the longest international land border boundary with the USA?,Mexico,Russia,Canada,Cuba,C
countries-011,Countries,Easy,In which country can you visit the ancient historical ruins of Machu Picchu?,Colombia,Peru,Bolivia,Ecuador,B
countries-012,Countries,Hard,Which country possesses the most natural structural lakes globally?,USA,Brazil,Canada,Finland,C
countries-013,Countries,Easy,What is the capital city of France?,Lyon,Marseille,Paris,Nice,C
countries-014,Countries,Easy,Which country is home to the Great Wall?,India,China,Japan,Mongolia,B
countries-015,Countries,Easy,Which country has the maple leaf on its national flag?,Canada,Denmark,Norway,Sweden,A
countries-016,Countries,Easy,What is the capital city of Germany?,Munich,Hamburg,Berlin,Frankfurt,C
countries-017,Countries,Easy,Which country is famous for the Eiffel Tower?,Italy,France,Spain,Germany,B
countries-018,Countries,Easy,What is the capital city of Spain?,Barcelona,Madrid,Valencia,Seville,B
countries-019,Countries,Easy,Which country is home to the pyramids of Giza?,Jordan,Egypt,Morocco,Tunisia,B
countries-020,Countries,Easy,What is the capital city of New Zealand?,Auckland,Wellington,Christchurch,Hamilton,B
countries-021,Countries,Easy,Which country is famous for tulips and windmills?,Belgium,Netherlands,Germany,Denmark,B
countries-022,Countries,Easy,What is the capital city of Canada?,Toronto,Ottawa,Vancouver,Montreal,B
countries-023,Countries,Easy,Which country is famous for the Taj Mahal?,Pakistan,Nepal,India,Bangladesh,C
countries-024,Countries,Easy,What is the capital city of Brazil?,Rio de Janeiro,São Paulo,Brasília,Salvador,C
countries-025,Countries,Easy,Which country is home to the city of Dubai?,Saudi Arabia,Qatar,United Arab Emirates,Oman,C
countries-026,Countries,Easy,What is the capital city of South Korea?,Busan,Seoul,Incheon,Daegu,B
countries-027,Countries,Easy,Which country is famous for the ancient city of Petra?,Israel,Jordan,Lebanon,Syria,B
countries-028,Countries,Easy,What is the capital city of India?,Mumbai,New Delhi,Kolkata,Chennai,B
countries-029,Countries,Easy,Which country is home to the city of Venice?,France,Italy,Greece,Croatia,B
countries-030,Countries,Easy,What is the capital city of China?,Shanghai,Beijing,Guangzhou,Shenzhen,B
countries-031,Countries,Easy,Which country is famous for fjords?,Iceland,Norway,Finland,Sweden,B
countries-032,Countries,Easy,What is the capital city of Mexico?,Guadalajara,Monterrey,Mexico City,Cancún,C
countries-033,Countries,Easy,Which country is home to Mount Fuji?,China,Japan,South Korea,Taiwan,B
countries-034,Countries,Easy,What is the capital city of Argentina?,Rosario,Córdoba,Buenos Aires,Mendoza,C
countries-035,Countries,Easy,Which country is famous for the city of Amsterdam?,Belgium,Germany,Netherlands,Austria,C
countries-036,Countries,Easy,What is the capital city of Egypt?,Alexandria,Cairo,Giza,Luxor,B
countries-038,Countries,Medium,Which country has the longest coastline in the world?,Russia,Canada,Australia,Indonesia,B
countries-039,Countries,Medium,What is the capital city of Turkey?,Ankara,Istanbul,Izmir,Antalya,A
countries-040,Countries,Medium,Which country is the world's largest producer of coffee?,Vietnam,Colombia,Brazil,Ethiopia,C
countries-041,Countries,Medium,The city of Casablanca is located in which country?,Algeria,Morocco,Tunisia,Egypt,B
countries-042,Countries,Medium,Which country is home to the ancient city of Angkor Wat?,Thailand,Cambodia,Laos,Vietnam,B
countries-043,Countries,Medium,What is the capital city of Switzerland?,Geneva,Bern,Zurich,Basel,B
countries-044,Countries,Medium,Which country borders both Germany and Ukraine?,Austria,Poland,Czech Republic,Slovakia,B
countries-045,Countries,Medium,Which country is home to the Serengeti National Park?,Kenya,Tanzania,South Africa,Namibia,B
countries-046,Countries,Medium,What is the capital city of Portugal?,Porto,Lisbon,Braga,Faro,B
countries-047,Countries,Medium,Which country has the largest population in South America?,Argentina,Colombia,Brazil,Peru,C
countries-048,Countries,Medium,The island of Sicily belongs to which country?,Spain,Greece,Italy,Malta,C
countries-049,Countries,Medium,Which country is famous for the Blue Lagoon geothermal spa?,Norway,Iceland,Finland,Sweden,B
countries-050,Countries,Medium,What is the capital city of Norway?,Bergen,Oslo,Trondheim,Stavanger,B
countries-051,Countries,Medium,Which country has the most active volcanoes in the world?,Japan,Indonesia,Philippines,Chile,B
countries-052,Countries,Medium,What is the capital city of Ireland?,Cork,Dublin,Galway,Limerick,B
countries-053,Countries,Medium,Which country is home to the Galápagos Islands?,Peru,Ecuador,Chile,Colombia,B
countries-054,Countries,Medium,What is the capital city of Greece?,Athens,Thessaloniki,Patras,Heraklion,A
countries-055,Countries,Medium,Which country is the largest by land area in Africa?,Algeria,Libya,Sudan,Democratic Republic of the Congo,A
countries-056,Countries,Medium,The city of Dubrovnik is located in which country?,Croatia,Slovenia,Montenegro,Serbia,A
countries-057,Countries,Medium,What is the capital city of Finland?,Turku,Helsinki,Tampere,Oulu,B
countries-058,Countries,Medium,Which country is home to the Dead Sea's western shoreline?,Jordan,Egypt,Israel,Lebanon,C
countries-059,Countries,Medium,Which country is famous for the ruins of Chichen Itza?,Peru,Mexico,Guatemala,Belize,B
countries-060,Countries,Medium,What is the capital city of Austria?,Salzburg,Graz,Innsbruck,Vienna,D
countries-061,Countries,Medium,Which country is home to the city of Kraków?,Hungary,Poland,Czech Republic,Slovakia,B
countries-062,Countries,Medium,Which country has the highest mountain in Europe Mount Elbrus?,Georgia,Russia,Turkey,Kazakhstan,B
countries-037,Countries,Easy,Which country is home to the city of Bangkok?,Vietnam,Cambodia,Thailand,Laos,C
countries-063,Countries,Hard,Which country has the most neighboring countries by land border?,China,Russia,Brazil,Germany,A
countries-064,Countries,Hard,Which country was formerly known as Ceylon?,Sri Lanka,Myanmar,Nepal,Bhutan,A
countries-065,Countries,Hard,What is the world's newest internationally recognized sovereign state?,Kosovo,South Sudan,East Timor,Montenegro,B
countries-066,Countries,Hard,Which country has the largest proven oil reserves in the world?,Saudi Arabia,Venezuela,Canada,Iran,B
countries-067,Countries,Hard,Which country has the highest average elevation above sea level?,Nepal,Bhutan,Tibet,Switzerland,B
countries-068,Countries,Hard,Which African country was formerly known as Abyssinia?,Eritrea,Ethiopia,Somalia,Sudan,B
countries-069,Countries,Hard,Which country has the greatest number of official languages?,India,South Africa,Bolivia,Zimbabwe,B
countries-070,Countries,Hard,Which country is completely surrounded by Italy?,France,San Marino,Austria,Slovenia,B
countries-071,Countries,Hard,Which country has the world's largest coral reef system?,Indonesia,Philippines,Australia,Fiji,C
countries-072,Countries,Hard,Which country is home to the Atacama Desert?,Peru,Chile,Bolivia,Argentina,B
countries-073,Countries,Hard,Which country was formerly known as Persia?,Iraq,Turkey,Iran,Afghanistan,C
countries-074,Countries,Hard,What is the southernmost country in Africa?,Namibia,South Africa,Botswana,Lesotho,B
countries-075,Countries,Hard,Which country contains the autonomous region of Greenland?,Norway,Canada,Denmark,Iceland,C
countries-076,Countries,Hard,Which country has the highest number of UNESCO World Heritage Sites as of 2025?,China,Italy,Spain,France,B
countries-077,Countries,Hard,Which country has the largest Muslim population in the world?,Pakistan,India,Indonesia,Bangladesh,C
countries-078,Countries,Hard,Which country is home to Lake Bled?,Croatia,Slovenia,Austria,Slovakia,B
countries-079,Countries,Hard,Which country was the first to grant women the right to vote nationally?,Australia,United States,New Zealand,Finland,C
countries-080,Countries,Hard,Which country has the world's largest salt flat known as Salar de Uyuni?,Chile,Argentina,Bolivia,Peru,C
countries-081,Countries,Hard,Which country is home to Mount Kilimanjaro?,Kenya,Tanzania,Uganda,Rwanda,B
countries-082,Countries,Hard,Which country has the highest population in Europe?,Germany,Russia,United Kingdom,France,B
countries-083,Countries,Hard,Which country uses the forint as its official currency?,Poland,Hungary,Romania,Czech Republic,B
countries-084,Countries,Hard,Which country is home to the ancient city of Timbuktu?,Niger,Mali,Chad,Mauritania,B
countries-085,Countries,Hard,Which country has the world's deepest lake Lake Baikal?,Canada,Russia,Mongolia,Kazakhstan,B
countries-086,Countries,Hard,Which country is the only one to border both the Caspian Sea and the Persian Gulf?,Iran,Iraq,Turkmenistan,Azerbaijan,A
countries-088,Countries,Expert,Which country has the world's highest capital city by elevation?,Bolivia,Ecuador,Nepal,Peru,A
countries-089,Countries,Expert,Which country has the greatest number of time zones when overseas territories are included?,Russia,United States,France,United Kingdom,C
countries-090,Countries,Expert,Which country was formerly known as Upper Volta?,Benin,Burkina Faso,Mali,Niger,B
countries-091,Countries,Expert,Which country is home to the autonomous Faroe Islands?,Iceland,Norway,Denmark,Sweden,C
countries-092,Countries,Expert,Which country has the largest exclusive economic zone (EEZ) in the world?,Australia,France,United States,Russia,B
countries-093,Countries,Expert,Which country has the longest national anthem by official length?,Greece,Uruguay,Spain,Argentina,A
countries-094,Countries,Expert,Which country is home to the world's oldest continuously inhabited republic San Marino?,Italy,Switzerland,France,Austria,A
countries-095,Countries,Expert,Which country is the only one through which both the Equator and the Prime Meridian pass?,Kenya,Gabon,São Tomé and Príncipe,Indonesia,C
countries-096,Countries,Expert,Which country was the first to adopt a national flag featuring a maple leaf?,Canada,Lebanon,Japan,Belize,A
countries-097,Countries,Expert,Which country has the highest number of active volcanoes?,Japan,Indonesia,Chile,Philippines,B
countries-098,Countries,Expert,Which country's national flag is the only one that is not rectangular or square?,Nepal,Switzerland,Vatican City,Bhutan,A
countries-099,Countries,Expert,Which country has the largest proven natural gas reserves in the world?,Iran,Russia,Qatar,Turkmenistan,B
countries-100,Countries,Expert,Which country is home to the world's oldest functioning parliament, the Althing?,Norway,Iceland,Sweden,Denmark,B
countries-101,Countries,Expert,Which country has the highest percentage of forest cover?,Finland,Suriname,Guyana,Brazil,B
countries-102,Countries,Expert,Which country is home to the prehistoric monument of Newgrange?,Scotland,Ireland,Wales,England,B
countries-103,Countries,Expert,Which country has the largest archipelago in the Caribbean?,Bahamas,Cuba,Dominican Republic,Jamaica,A
countries-104,Countries,Expert,Which country has the world's oldest continuously used national flag?,Denmark,United Kingdom,Sweden,Portugal,A
countries-105,Countries,Expert,Which country contains the westernmost point of mainland Africa?,Morocco,Senegal,Mauritania,Guinea-Bissau,B
countries-106,Countries,Expert,Which country is home to the ancient rock-hewn churches of Lalibela?,Eritrea,Ethiopia,Sudan,Kenya,B
countries-107,Countries,Expert,Which country has the largest inland delta in the world, the Okavango Delta?,Namibia,Botswana,Zambia,Angola,B
countries-108,Countries,Expert,Which country was formerly known as Kampuchea?,Laos,Cambodia,Vietnam,Thailand,B
countries-109,Countries,Expert,Which country has the highest average life expectancy as of 2025?,Japan,Singapore,Switzerland,Hong Kong,D
countries-110,Countries,Expert,Which country is home to the world's largest cave, Son Doong?,China,Vietnam,Thailand,Malaysia,B
countries-111,Countries,Expert,Which country has the world's largest contiguous mangrove forest, the Sundarbans, shared with Bangladesh?,India,Myanmar,Thailand,Nepal,A
countries-112,Countries,Expert,Which country is home to the archaeological site of Göbekli Tepe?,Greece,Turkey,Iraq,Syria,B
countries-087,Countries,Hard,Which country is home to Victoria Falls along with Zambia?,Zimbabwe,Botswana,Angola,Namibia,A
video-games-001,Video Games,Easy,What is the best-selling standalone video game of all time?,GTA V,Tetris,Minecraft,Wii Sports,C
video-games-002,Video Games,Hard,What year did the original Nintendo Entertainment System (NES) launch in North America?,1983,1985,1987,1989,B
video-games-003,Video Games,Easy,Who is the main protagonist of the 'Halo' sci-fi franchise?,Marcus Fenix,Doom Slayer,Master Chief,Commander Shepard,C
video-games-004,Video Games,Easy,What is the name of the fictional setting kingdom in The Legend of Zelda?,Azeroth,Tamriel,Hyrule,Eorzea,C
video-games-005,Video Games,Easy,Which company created the digital distribution ecosystem marketplace Steam?,Epic Games,EA,Valve,Blizzard,C
video-games-006,Video Games,Medium,"In 'Pac-Man', what is the name of the orange ghost character?",Blinky,Pinky,Inky,Clyde,D
video-games-007,Video Games,Medium,What game studio developed the 2015 RPG masterpiece 'The Witcher 3: Wild Hunt'?,Bethesda,BioWare,CD Projekt Red,Ubisoft,C
video-games-008,Video Games,Medium,What was the original working development title prototype name for character Mario?,Jumpman,Plumber Boy,Red Cap,Mr. Video,A
video-games-009,Video Games,Medium,Which video game popularized the 'Battle Royale' genre on a massive global scale first?,Apex Legends,PUBG,Fortnite,H1Z1,B
video-games-010,Video Games,Hard,What asset must players collect to power their devices in 'Fallout'?,Plasma Core,Fusion Core,Microfusion Cell,Capacitor Module,B
video-games-011,Video Games,Easy,What is the name of the final ultimate dimension zone housing the Ender Dragon in Minecraft?,The Nether,The Aether,The Void,The End,D
video-games-012,Video Games,Easy,Which fighting game franchise contains the quote 'Finish Him!'?,Street Fighter,Tekken,Mortal Kombat,Soulcalibur,C
board-games-001,Board Games,Medium,How many spaces are there on a standard classic Monopoly board?,36,40,44,48,B
board-games-002,Board Games,Easy,What color configuration are the layout tiles of a standard Chess board?,Black and Red,White and Black,Brown and Tan,Blue and White,B
board-games-003,Board Games,Medium,"In Settlers of Catan, which resource is combined with wheat to build a development card?",Sheep/Wool,Ore,Brick,Wood/Lumber,A
board-games-004,Board Games,Hard,How many letter tiles are present in an official English Scrabble box?,98,100,102,104,B
board-games-005,Board Games,Easy,Which board game requires players to track a murderer using clues like a wrench or lead pipe?,Risk,Clue / Cluedo,Stratego,Battleship,B
board-games-006,Board Games,Easy,What is the primary overarching mechanic objective goal of the game pandemic?,Conquer land,Accumulate money,Cure global diseases,Build a rail network,C
board-games-007,Board Games,Easy,How many dice are rolled simultaneously by an active player in Yahtzee?,4,5,6,7,B
board-games-008,Board Games,Medium,"In the game of Risk, what is the base reinforcement draft bonus value for holding Australia?",2,3,4,5,A
board-games-009,Board Games,Medium,What ancient strategy game involves placement of black and white stones on a 19x19 line grid?,Chess,Checkers,Go,Mahjong,C
board-games-010,Board Games,Easy,Which game features custom block components structured in an active tower stack layout configuration?,Jenga,Kerplunk,Connect Four,Blokus,A
board-games-011,Board Games,Medium,What modern tile placement eurogame centers around building French fortresses and roads?,Ticket to Ride,Carcassonne,Agricola,7 Wonders,B
board-games-012,Board Games,Hard,What is the highest value point tile piece possible in a Scrabble game?,Z and Q,X and Z,Q and E,K and J,A
emoji-quiz-001,Emoji Quiz,Easy,What title is implied: 👑🦁?,The Jungle Book,The Lion King,Madagascar,Tarzan,B
emoji-quiz-002,Emoji Quiz,Easy,Decode this destination: 🗼🥖🍷?,London,Rome,Paris,Madrid,C
emoji-quiz-003,Emoji Quiz,Easy,Identify the sci-fi movie: 🦖🏝️🦕?,King Kong,Jurassic Park,Avatar,Godzilla,B
emoji-quiz-004,Emoji Quiz,Easy,What is this weather action: ⚡⛈️🌧️?,Tornado,Thunderstorm,Blizzard,Hurricane,B
emoji-quiz-005,Emoji Quiz,Medium,What hidden phrase is this: ⏰🐷✈️?,Time flies,When pigs fly,Early bird,Flying high,B
emoji-quiz-006,Emoji Quiz,Easy,Guess the video game title: 🟩⛏️🧱?,Tetris,Minecraft,Roblox,Terraria,B
emoji-quiz-007,Emoji Quiz,Medium,Decode the classic book story: 🐋⛵🌊?,Treasure Island,Moby Dick,The Odyssey,Robinson Crusoe,B
emoji-quiz-008,Emoji Quiz,Medium,Identify the iconic global landmark artist painter: 👨‍🎨🎨👂?,Picasso,Da Vinci,Van Gogh,Monet,C
emoji-quiz-009,Emoji Quiz,Easy,What popular song track title is this: 👁️🐯?,Eye of the Tiger,Roar,Animal,Wild Ones,A
emoji-quiz-010,Emoji Quiz,Easy,Identify the historic space event: 👨‍🚀🚀🌕?,Apollo 11 Moon Landing,Mars Rover Launch,ISS Assembly,Sputnik Orbit,A
emoji-quiz-011,Emoji Quiz,Easy,Decode this common idiom saying: 🐱💧🌧️?,Raining cats and dogs,Curiosity killed the cat,Cat got your tongue,Let the cat out,A
emoji-quiz-012,Emoji Quiz,Easy,Identify the classic fairytale story profile: 🍎👧🧝‍♂️?,Cinderella,Snow White,Rapunzel,Sleeping Beauty,B
books-001,Books,Easy,Who wrote the 1984 dystopian masterpiece novel?,Aldous Huxley,George Orwell,Ray Bradbury,H.G. Wells,B
books-002,Books,Easy,What is the name of the main fictional wizard academy school in Harry Potter?,Durmstrang,Beauxbatons,Hogwarts,Ilvermorny,C
books-003,Books,Medium,How many lines comprise a traditional sonnet poetic structural configuration?,10,12,14,16,C
books-004,Books,Easy,Who authored the classic epic adventure romance novel 'The Hobbit'?,C.S. Lewis,J.R.R. Tolkien,George R.R. Martin,Christopher Paolini,B
books-005,Books,Hard,What is the opening iconic sentence line phrase of Herman Melville's Moby Dick?,Call me Ishmael.,It was a dark night.,I am Jonah.,The sea was wild.,A
books-006,Books,Easy,Which tragic Shakespeare play features the rival families Capulet and Montague?,Hamlet,Macbeth,Othello,Romeo and Juliet,D
books-007,Books,Easy,Who created the legendary deduction detective investigator character Sherlock Holmes?,Agatha Christie,Arthur Conan Doyle,Edgar Allan Poe,Wilkie Collins,B
books-008,Books,Easy,What American literary classic details the high society life adventures of Jay Gatsby?,The Great Gatsby,To Kill a Mockingbird,The Grapes of Wrath,Of Mice and Men,A
books-009,Books,Hard,What was the pen name identity utilized by author Mary Ann Evans?,George Eliot,Jane Austen,Charlotte Brontë,Virginia Woolf,A
books-010,Books,Easy,"In 'The Chronicles of Narnia', who or what is Aslan?",A Centaur,A King,A Lion,A Wizard,C
books-011,Books,Easy,Which classic gothic horror novel features an existential monster assembled from corpses?,Dracula,Frankenstein,The Mummy,Dr. Jekyll and Mr. Hyde,B
books-012,Books,Easy,What is the primary theme setting location name of the Hunger Games trilogy arena?,Panem,Gilead,Oceana,Divergia,A
movie-characters-001,Movie Characters,Easy,What is the true alter-ego civilian identity name of Marvel's Iron Man?,Bruce Banner,Tony Stark,Steve Rogers,Peter Parker,B
movie-characters-002,Movie Characters,Easy,Which actor portrayed Captain Jack Sparrow in the Pirates of the Caribbean series?,Brad Pitt,Johnny Depp,Tom Cruise,Orlando Bloom,B
movie-characters-003,Movie Characters,Easy,What is the name of the green evaluation monster character in Shrek?,Shrek,Donkey,Fiona,Farquaad,A
movie-characters-004,Movie Characters,Easy,Who is the legendary Dark Lord antagonist master villain of the Star Wars universe?,Luke Skywalker,Darth Vader,Han Solo,Obi-Wan Kenobi,B
movie-characters-005,Movie Characters,Easy,What character states: 'Why so serious?' in the 2008 film The Dark Knight?,Batman,Two-Face,The Joker,Bane,C
movie-characters-006,Movie Characters,Easy,What is the name of the cowboy doll character in Pixar's Toy Story?,Buzz,Woody,Slinky,Rex,B
movie-characters-007,Movie Characters,Easy,Which archeologist fictional character carries an iconic bullwhip tool?,Lara Croft,Nathan Drake,Indiana Jones,Rick O'Connell,C
movie-characters-008,Movie Characters,Easy,"What is the name of the friendly, helper healthcare robot in Big Hero 6?",Wall-E,Baymax,Rodney,Optimus,B
movie-characters-009,Movie Characters,Easy,Who is the central character ring bearer protagonist of Lord of the Rings?,Frodo Baggins,Samwise Gamgee,Aragorn,Legolas,A
movie-characters-010,Movie Characters,Easy,What character is known as Agent 007 in British intelligence spy thrillers?,Jason Bourne,Ethan Hunt,James Bond,Jack Reacher,C
movie-characters-011,Movie Characters,Easy,What is the name of the majestic lion cub prince protagonist character in The Lion King?,Mufasa,Scar,Simba,Nala,C
movie-characters-012,Movie Characters,Easy,"Which character is the loyal, furry Wookiee co-pilot of the Millennium Falcon?",Yoda,Chewbacca,Bobafett,Jabba,B
random-challenge-001,Random Challenge,Easy,What is the exact chemical element symbol for Gold on the periodic table?,Ag,Au,Fe,Pb,B
random-challenge-002,Random Challenge,Medium,How many bones are in a normal adult human skeletal framework anatomy?,106,206,306,406,B
random-challenge-003,Random Challenge,Easy,What planet in our solar system is known for its prominent system rings?,Mars,Jupiter,Saturn,Neptune,C
random-challenge-004,Random Challenge,Medium,What is the approximate speed of light through a vacuum space environment?,"30,000 km/s","300,000 km/s","3,000,000 km/s",300 km/s,B
random-challenge-005,Random Challenge,Easy,Which country gifted the historic Statue of Liberty monument to the USA?,Great Britain,France,Germany,Italy,B
random-challenge-006,Random Challenge,Medium,What is the longest river channel located on planet earth?,Amazon,Nile,Mississippi,Yangtze,B
random-challenge-007,Random Challenge,Easy,How many time zone lines split up the world space chart framework?,12,24,36,48,B
random-challenge-008,Random Challenge,Medium,What is the primary gas component constituent making up Earth's atmosphere?,Oxygen,Nitrogen,Carbon Dioxide,Argon,B
random-challenge-009,Random Challenge,Hard,Which historic explorer led the maritime fleet crew that completed global circumnavigation first?,Christopher Columbus,Ferdinand Magellan,Vasco da Gama,James Cook,B
random-challenge-010,Random Challenge,Easy,What geometric shape value name describes an internal angle measurement of exactly 90 degrees?,Acute,Obtuse,Right Angle,Reflex,C
random-challenge-011,Random Challenge,Medium,What structural software computer core kernel layer manages interface requests?,Operating System,RAM,CPU,Motherboard,A
random-challenge-012,Random Challenge,Hard,How many hearts does an octopus possess inside its biological structural layout?,1,2,3,4,C
australian-geography-001,Australian Geography,Easy,What is the capital city of Australia?,Sydney,Melbourne,Canberra,Brisbane,C
australian-geography-002,Australian Geography,Easy,Which Australian state is known as the Sunshine State?,Victoria,Queensland,Tasmania,Western Australia,B
australian-geography-003,Australian Geography,Easy,Which city is home to the Sydney Opera House?,Perth,Sydney,Adelaide,Canberra,B
australian-geography-004,Australian Geography,Medium,What is the largest Australian state by area?,Queensland,South Australia,Western Australia,New South Wales,C
australian-geography-005,Australian Geography,Medium,Which Australian territory contains Uluru?,Australian Capital Territory,Northern Territory,Queensland,Western Australia,B
australian-geography-006,Australian Geography,Easy,What is the capital of Tasmania?,Launceston,Devonport,Burnie,Hobart,D
australian-geography-007,Australian Geography,Easy,Which reef system lies off the coast of Queensland?,Ningaloo Reef,Great Barrier Reef,Coral Sea Reef,Ribbon Reef,B
australian-geography-008,Australian Geography,Easy,Which Australian city hosted the 2000 Olympic Games?,Melbourne,Brisbane,Sydney,Perth,C
australian-geography-009,Australian Geography,Medium,How many states are there in Australia?,5,6,7,8,B
australian-geography-010,Australian Geography,Hard,Which river is Australia's longest?,Darling River,Murray River,Swan River,Yarra River,B
australian-geography-011,Australian Geography,Easy,What is the capital city of Western Australia?,Darwin,Perth,Adelaide,Albany,B
australian-geography-012,Australian Geography,Hard,Which state borders every mainland Australian state and the Northern Territory?,Queensland,Victoria,South Australia,New South Wales,C
australian-wildlife-001,Australian Wildlife,Easy,Which is Australia's largest marsupial?,Koala,Red Kangaroo,Wombat,Wallaby,B
australian-wildlife-002,Australian Wildlife,Easy,What is a baby kangaroo called?,Cub,Joey,Calf,Pup,B
australian-wildlife-003,Australian Wildlife,Easy,Which Australian animal lays eggs?,Koala,Wombat,Platypus,Kangaroo,C
australian-wildlife-004,Australian Wildlife,Medium,Which bird is Australia's largest native bird?,Emu,Cockatoo,Kookaburra,Cassowary,A
australian-wildlife-005,Australian Wildlife,Easy,Which Australian mammal is famous for sleeping up to 20 hours a day?,Koala,Dingo,Possum,Wallaby,A
australian-wildlife-006,Australian Wildlife,Easy,What is Australia's wild native dog called?,Dingo,Fox,Wolf,Jackal,A
australian-wildlife-007,Australian Wildlife,Hard,Which Australian reptile is the world's largest lizard?,Blue-tongue Lizard,Frill-neck Lizard,Perentie,Goanna,C
australian-wildlife-008,Australian Wildlife,Easy,Which animal is known for its laughing call?,Cockatoo,Kookaburra,Magpie,Lorikeet,B
australian-wildlife-009,Australian Wildlife,Hard,What colour is the belly of a platypus?,White,Brown,Black,Grey,A
australian-wildlife-010,Australian Wildlife,Medium,Which Australian animal is covered in sharp spines?,Echidna,Possum,Bandicoot,Bilby,A
australian-wildlife-011,Australian Wildlife,Medium,Which Australian mammal is able to glide between trees?,Sugar Glider,Koala,Wallaby,Tasmanian Devil,A
australian-wildlife-012,Australian Wildlife,Easy,Which Australian island is famous for its population of Tasmanian Devils?,Kangaroo Island,Fraser Island,Tasmania,Phillip Island,C
aussie-slang-001,Aussie Slang,Easy,What does 'arvo' mean in Australian slang?,Morning,Afternoon,Evening,Night,B
aussie-slang-002,Aussie Slang,Easy,What is a 'servo'?,Service station,Police station,Supermarket,Cafe,A
aussie-slang-003,Aussie Slang,Easy,What does 'mate' usually mean in Australia?,Friend,Enemy,Boss,Stranger,A
aussie-slang-004,Aussie Slang,Medium,What is a 'bottle-o'?,Bakery,Liquor store,Post office,Butcher,B
aussie-slang-005,Aussie Slang,Easy,What does 'brekkie' mean?,Breakfast,Dinner,Lunch,Snack,A
aussie-slang-006,Aussie Slang,Medium,What does 'chuck a sickie' mean?,Go on holiday,Call in sick from work,Get injured,Go to hospital,B
aussie-slang-007,Aussie Slang,Easy,What does 'thongs' mean in Australia?,Shoes,Sandals/flip-flops,Socks,Boots,B
aussie-slang-008,Aussie Slang,Medium,What does 'fair dinkum' mean?,Fake,True / genuine,Funny,Angry,B
aussie-slang-009,Aussie Slang,Easy,What does 'heaps' mean?,None,A little,A lot,Rarely,C
aussie-slang-010,Aussie Slang,Easy,What does 'ute' refer to?, Pickup,Car,Van,Motorbike,A
aussie-slang-011,Aussie Slang,Easy,What does 'barbie' mean in Aussie slang?,Toy,Barbecue,Beach,Drink,B
aussie-slang-012,Aussie Slang,Easy,What does 'no worries' usually mean?,Angry response,It’s okay / don’t worry,Confused,Goodbye,B
afl-trivia-001,AFL Trivia,Easy,How many players are on the field per AFL team?,16,17,18,20,C
afl-trivia-002,AFL Trivia,Easy,Which AFL team is based in Perth?,Sydney Swans,West Coast Eagles,Carlton,Geelong,B
afl-trivia-003,AFL Trivia,Easy,What shape is an AFL ball?,Round,Oval,Square,Rectangle,B
afl-trivia-004,AFL Trivia,Easy,How many points is a goal worth in AFL?,1,2,3,6,D
afl-trivia-005,AFL Trivia,Easy,What is a behind worth in AFL?,1,2,3,6,A
afl-trivia-006,AFL Trivia,Easy,Which city hosts the AFL Grand Final?,Sydney,Melbourne,Perth,Brisbane,B
afl-trivia-007,AFL Trivia,Easy,What is the nickname for Collingwood AFL team?,Tigers,Magpies,Lions,Bombers,B
afl-trivia-008,AFL Trivia,Easy,Which AFL team is known as the Tigers?,Richmond,Carlton,Essendon,Fremantle,A
afl-trivia-009,AFL Trivia,Medium,How long is an AFL quarter?,10 min,15 min,20 min,25 min,C
afl-trivia-010,AFL Trivia,Medium,What is the highest governing body of AFL?,FIFA,AFL Commission,ICC,NRL Board,B
afl-trivia-011,AFL Trivia,Medium,What is a mark in AFL?,A goal kick,A clean catch from a kick,A tackle,A throw,B
afl-trivia-012,AFL Trivia,Easy,Which AFL team is based in Geelong?,Cats,Lions,Hawks,Swans,A
brain-teasers-001,Brain Teasers,Easy,What has keys but can’t open locks?,Piano,Map,Clock,Door,A
brain-teasers-002,Brain Teasers,Easy,What gets wetter the more it dries?,Towel,Sponge,Ice,Soap,A
brain-teasers-003,Brain Teasers,Medium,I speak without a mouth and hear without ears. What am I?,Echo,Wind,Shadow,Thought,A
brain-teasers-004,Brain Teasers,Easy,What runs but never walks?,River,Car,Dog,Clock,A
brain-teasers-005,Brain Teasers,Easy,"What has a head, a tail, but no body?",Coin,Snake,Shadow,River,A
brain-teasers-006,Brain Teasers,Medium,What can travel around the world while staying in a corner?,Stamp,Coin,Bird,Light,A
brain-teasers-007,Brain Teasers,Easy,What has one eye but cannot see?,Needle,Storm,Cyclone,Clock,A
brain-teasers-008,Brain Teasers,Easy,What goes up but never comes down?,Age,Balloon,Smoke,Bird,A
brain-teasers-009,Brain Teasers,Easy,What has hands but can’t clap?,Clock,Robot,Statue,Tree,A
brain-teasers-010,Brain Teasers,Hard,"What begins with T, ends with T, and has T inside?",Teapot,Tent,Toast,Ticket,A
brain-teasers-011,Brain Teasers,Medium,What can you break without touching it?,Promise,Glass,Bone,Door,A
brain-teasers-012,Brain Teasers,Easy,What has many teeth but can’t bite?,Comb,Saw,Gear,Fence,A
